Datetime,Tweet Id,Text,Coordinates,Retweet_count
2022-10-26 08:17:35,1585183849994407937,"Clevere #Italiener m√ºssen Arbeit der d√§mlichen deutschen Regierung machen!

Italiens Ministerpr√§sidentin #Meloni wi‚Ä¶ https://t.co/umCZIMPqtS",,36
2022-10-25 13:12:45,1584895742505730054,"RT @AfDimEUParl: ‚û°Ô∏è Ich erkl√§re Ihnen 5‚É£ irre gr√ºne Ideen! 
Der gr√ºne Wahnsinn h√§lt unvermindert Hof in der EU.
Unsere umweltpolitische Spr‚Ä¶",,39
2022-10-25 13:12:41,1584895725053566976,"RT @AfDimBundestag: Zu den Pl√§nen von #Scholz, sofort mit der Umsetzung eines ‚Äû#Marshallplans‚Äú zu beginnen, erkl√§rt AfD-Fraktionsvorsitzend‚Ä¶",,88
2022-10-25 11:20:59,1584867614517776384,"RT @clemens_carlo: Das ist der absolute intellektuelle Offenbarungseid, der selbst vor Ideologie trieft: ¬ªDu musst nicht mit deinen Gegnern‚Ä¶",,11
2022-10-25 11:20:34,1584867509416886272,"RT @StBrandner: Nicht ""nur"" #derStaatalsBeute, auch die #EU:
""Sechs Milliarden Euro mehr!: Pensionskosten f√ºr EU-Beamte explodieren"" https:‚Ä¶",,43
2022-10-25 09:01:19,1584832466627723265,"RT @Tino_Chrupalla: Selenskyj-Berater: ‚Äûdie Renten m√ºssen ausgezahlt werden.‚Äú Unsere Industrie stirbt wegen der Russland-Sanktionen, unsere‚Ä¶",,357
2022-10-24 13:01:28,1584530515021135872,"RT @Alice_Weidel: W√§hrend die #Ampel den Klimawandel vorschiebt, um ein ganzes Land abzuwirtschaften, sind diese #LetzteGeneration-Extremis‚Ä¶",,1029
2022-10-24 12:36:23,1584524203541557249,"RT @PeterBoehringer: ‚ÄûAnschl√§ge gegen üá©üá™ feiern; aber Meinungsverbrechen hart ahnden‚Äú‚Äì Boehringer Klartext (181)
https://t.co/8Ujh6S8m9M üëà‚Ä¶",,28
2022-10-24 12:36:15,1584524169521205249,"RT @Alice_Weidel: Nach #Schweden verf√ºgt nun auch #Italien √ºber eine konservative Regierung, die von Giorgia #Meloni angef√ºhrt wird. Ich gr‚Ä¶",,799
2022-10-24 08:32:02,1584462708228780034,"Hinweis zur Grafik: Wir entschuldigen uns bei allen S√∂rens, die einer geregelten Arbeit nachgehen und etwas zur Ges‚Ä¶ https://t.co/Ra7b7kUjc9",,21
2022-10-24 08:31:48,1584462649663725568,#LetzteGeneration: Die Klimaextremisten legten zum Wochenstart erneut den Verkehr in einigen deutschen St√§dten lahm‚Ä¶ https://t.co/D8ZdXlTWcj,,154
2022-10-22 10:07:13,1583761886092615683,Unser Land zuerst! #NurDreiWorte,,289
2022-10-22 07:00:01,1583714778127761408,"Pauschale #Schuldunf√§higkeit bei #Islamisten: Schluss mit der Verh√∂hnung der Opfer!

Es ist inakzeptabel, wenn Stra‚Ä¶ https://t.co/syo8kdO1Sb",,292
2022-10-21 13:54:41,1583456742276374528,Der in Ludwigshafen mordende #Somalier kam 2015 als Merkel-Migrant nach Deutschland. Dass Frau #Merkel erst k√ºrzlic‚Ä¶ https://t.co/5BdxLX3SuP,,353
2022-10-21 12:03:45,1583428824343015424,üéßüî• Ausgabe 39/22 unseres #Podcast s - jetzt reinh√∂ren! 7 Tage #Deutschland ‚Äì der #AfD-Wochenendpodcast mit vielen s‚Ä¶ https://t.co/X1p5DYDaPJ,,29
2022-10-21 11:10:39,1583415464986046464,"RT @Alice_Weidel: Debatte zum #AfD-Antrag zur Wiedereinsetzung des ""Expertenkreis Islamismus"" offenbart Agenda der #Ampel: #Islamismus pass‚Ä¶",,967
2022-10-21 07:56:59,1583366727194157057,"Statt 40 Mrd. Euro f√ºr #Uniper: 4 neue #NordStream-Pipelines zum gleichen Preis!

#Rettungspakete werden zum‚Ä¶ https://t.co/qs43Lgqjwb",,170
2022-10-21 07:49:56,1583364952605138944,RT @StBrandner: #Altparteien-#Megalomanie... https://t.co/oMWMepVNHU,,67
2022-10-21 07:47:34,1583364353558208512,"RT @AlternativeNRW: ++ #AfD nur 1 Punkt hinter #SPD! ++
Wir steigen unaufhaltsam in den Umfragen.
Auch in #MecklenburgVorpommern haben wir‚Ä¶",,200
2022-10-21 07:47:29,1583364333051949056,"RT @AfDimEUParl: ‚û°Ô∏è Es reicht! Deutsche sollen erneut bluten?
Die Deutschen haben Niedrigrenten &amp; das geringste Privatverm√∂gen im ‚Ç¨-Raum.
A‚Ä¶",,90
2022-10-20 12:43:23,1583076411576705029,"Nach doppeltem #Messermord: #RBB will unbequemen Reporter feuern!

‚Äû#Somalia ist ein #Shithole-Country mit‚Ä¶ https://t.co/jDXnDcQuHa",,143
2022-10-20 12:32:02,1583073557629706240,RT @StBrandner: #AfDüëç https://t.co/uDspmkI8PQ,,177
2022-10-20 12:30:01,1583073050466975744,"RT @Dennis_Hohloch: W√§hrend die #Ampel Millionen Migranten nach Deutschland holt, entwickeln wir uns vom Land der Dichter und Denker zum La‚Ä¶",,86
2022-10-20 08:47:05,1583016943979663360,"2015 d√ºrfe sich nicht wiederholen, versprachen die etablierten Parteien mit ihren Verbal-Luftblasen. Doch der Doppe‚Ä¶ https://t.co/FgWqVxJMrj",,223
2022-10-20 07:19:24,1582994880518713344,"Statt ""#Bundesaufnahmeprogramm"": straff√§llige #Afghanen zur√ºck in die Heimat!#Abschiebungen 
Die #Ampel setzt weite‚Ä¶ https://t.co/AC4sMDrAPP",,293
2022-10-20 06:37:31,1582984339456868352,"RT @Tino_Chrupalla: Jetzt schlie√üt in Sachsen schon eine Kita wegen hoher Energiekosten. Wenn es im April warm wird, soll sie wieder √∂ffnen‚Ä¶",,145
2022-10-19 16:00:01,1582763508344635392,"@StBrandner zerlegt #Bundesregierung!

Deutschland vor illegaler #Migration durch #Zuwanderer sch√ºtzen? Tausende ko‚Ä¶ https://t.co/xI0RJbD5Ka",,31
2022-10-19 10:36:16,1582682034472112128,"Lieber t√§glich 500 #Abschiebungen als t√§glich 50 #Messerattacken!
Wieder hat ein #Zuwanderer wahllos Menschen get√∂t‚Ä¶ https://t.co/coEJRk41ys",,493
2022-10-19 10:31:44,1582680895596597249,RT @Dennis_Hohloch: Mit einem 2. #Corona- #Untersuchungsausschuss wollen wir die Krisenpolitik der brandenburgischen #Landesregierung im Zu‚Ä¶,,87
2022-10-19 10:31:38,1582680867100823553,"RT @M_Reichardt_AfD: Richtige Entscheidung! Gerade üá©üá™ hat gezeigt, da√ü sog. ""#Feministische #Aussenpolitik"" eine aggressive Kanonenbootpoli‚Ä¶",,58
2022-10-19 10:31:24,1582680811567865856,RT @StBrandner: #Kanzleramtsanbau stoppen -Gr√∂√üenwahn beenden! Gr√∂√üte #Machtzentrale der Welt &amp; #Zeichen absoluter #Respektlosigkeit: Kanzl‚Ä¶,,86
2022-10-19 10:31:18,1582680782937595904,"RT @AfDimEUParl: ‚û°Ô∏è Typisch EU: 98x Gender - 0x Familie!
So sehen also die Priorit√§ten der EU aus! Schon anhand der H√§ufigkeit dieser Begri‚Ä¶",,32
2022-10-19 08:29:34,1582650150568464385,"Das geplante ""Chancen-Aufenthaltsrecht"" der #Ampel l√§uft darauf hinaus, illegale #Zuwanderung zu legalisieren. Das‚Ä¶ https://t.co/LfXZNscpMW",,178
2022-10-19 07:51:03,1582640456613396480,"RT @Dennis_Hohloch: Anscheinend sind 2 Mio. #Migranten im Jahr noch nicht genug. Daher hat die #Koalition ein #Aufnahmeprogramm aufgelegt,‚Ä¶",,165
2022-10-18 14:22:12,1582376504435933189,"RT @clemens_carlo: #IQB-Bildungstrend 2021: Bildungsgrad von Grundschulkindern sinkt dramatisch. In NRW sprechen mittlerweile 42,2 Prozent‚Ä¶",,13
2022-10-18 14:05:28,1582372294688935937,Der #Blackout wurde verschoben - aber nur um sechs Monate. Wenn #Scholz schon die #Richtlinienkompetenz als‚Ä¶ https://t.co/xIAoHqjm8n,,314
2022-10-18 09:20:50,1582300664830382080,"RT @M_Reichardt_AfD: Echte moderne Sozialdemokratin. Fr. #Dreyer ist gewissenlos, kalt &amp; abgehoben. Sieh sieht sympathischer aus als @Ralf_‚Ä¶",,89
2022-10-18 09:20:10,1582300495842283521,RT @Huetter_Carsten: https://t.co/TkqxU0tQlP,,49
2022-10-18 09:19:59,1582300449809387520,"RT @AlternativeNRW: ++ #MDR-Chefin erh√§lt 4,6 Mio. ‚Ç¨ Rente ‚Äì von IHREM Geld! ++
Die #AfD fordert: #Rundfunkbeitrag abschaffen. An die Stell‚Ä¶",,143
2022-10-18 09:19:08,1582300235736715266,Auch wenn die Medien etwas anderes suggerieren: Die allermeisten Menschen in Deutschland wollen keine‚Ä¶ https://t.co/qbbMBwGYdQ,,314
2022-10-18 08:59:07,1582295199987904512,"RT @Alice_Weidel: Ausgerechnet die #CDU fordert: ""#Kernkraft f√ºr eine sichere Energieversorgung"". Dabei war es die CDU, die der #Ampel den‚Ä¶",,535
2022-10-18 08:58:48,1582295119436582913,"RT @AfDimBundestag: Die Entscheidung von Bundeskanzler #Scholz, die Laufzeit der drei verbliebenen #AKWs bis Mitte April zu verl√§ngern, kan‚Ä¶",,109
2022-10-17 15:00:00,1582023629205749760,"Eine erfolgreiche Kundgebung mit mehr als 10.000 Teilnehmern liegt hinter uns. Sorge auch Du mit daf√ºr, dass die‚Ä¶ https://t.co/Be0A7JFssz",,86
2022-10-17 13:31:04,1582001249397796866,"RT @Alice_Weidel: √úbrigens verharmlosen auch solche Nachrichten die Auswirkungen eines #Blackout, bei dem fehlende Stra√üenbeleuchtung noch‚Ä¶",,283
2022-10-17 13:30:59,1582001226870235140,"RT @Alice_Weidel: W√§hrend sich der #WDR einer kritischen Regierungsbetrachtung verweigert, gibt er tolle Ratschl√§ge. So wie den, Stra√üenlat‚Ä¶",,386
2022-10-17 12:52:43,1581991598606340096,"RT @AfDimEUParl: ‚û°Ô∏èDer gro√üe Unterschied: #Orban wurde gew√§hlt, #vonderLeyen nur ernannt!
Wer hat wohl mehr demokratische Legitimation?, fr‚Ä¶",,117
2022-10-17 12:15:49,1581982309506756609,"Die #EU verr√§t ihre eigenen Ziele: Einst zur Sicherung von Frieden und #Wohlstand gegr√ºndet, geht es mittlerweile e‚Ä¶ https://t.co/DRkv2xHhkY",,148
2022-10-17 10:18:47,1581952859003756544,"RT @PeterBoehringer: Energiepreisbremse: versteckte Verschuldung auf Vorrat | Bundestag 14.10.2022 
Video: https://t.co/OiQwXariag üëà
Text:‚Ä¶",,17
2022-10-17 08:37:05,1581927264669028352,"RT @Alice_Weidel: W√§hrend bei immer mehr Unternehmen in #Deutschland die Lichter auch ohne drohenden #Blackout ausgehen, ist die Ampelkoali‚Ä¶",,733
2022-10-17 08:31:03,1581925749002768386,"RT @StBrandner: Wo ist der Kanzler?
Und warum unterst√ºtzt die #Korruption: #cdu/ #csu nicht ihre eigene #AktuelleStunde?ü§® https://t.co/b90u‚Ä¶",,54
2022-10-17 08:30:53,1581925703536504832,RT @M_Reichardt_AfD: Unter Weltenrettung geht es bei der Kriegs- &amp; Klimasekte @Die_Gruenen nicht. Ausl√§ndische Kr√§fte wie #USA &amp; #Ukraine m‚Ä¶,,49
2022-10-17 08:30:36,1581925635567472641,"RT @Dennis_Hohloch: Korruption im #rbb, aber die Berliner Justiz macht nichts!
Keine Hausdurchsuchung, keine Beschlagnahmung von Unterlagen‚Ä¶",,239
2022-10-16 10:45:44,1581597253046657025,"RT @StBrandner: ""Wir B√ºrger werden aufgefordert, m√∂glichst nicht mehr zu duschen und im Kalten und Dunkeln zu sitzen &amp; Bundeskanzler Scholz‚Ä¶",,201
2022-10-16 10:45:31,1581597198399070209,RT @M_Reichardt_AfD: Das @ZDF ist mit wichtigen zwangsgeb√ºhrenfinanzierten Videos auch bei #TikTok! Z.B mit #Waschlappen-Propaganda &amp; der F‚Ä¶,,38
2022-10-14 12:47:29,1580903117390237696,"RT @AfDimBundestag: Protziger Erweiterungsneubau f√ºr das Bundeskanzleramt f√ºr schlappe 777 Millionen Euro - Zahlen wird der #Steuerzahler!""‚Ä¶",,141
2022-10-14 12:44:26,1580902348767268864,RT @Tino_Chrupalla: Frankreichs Pr√§sident @EmmanuelMacron setzt sich weiter f√ºr Verhandlungen mit Russlands Pr√§sidenten Putin ein. Er will‚Ä¶,,139
2022-10-14 12:44:08,1580902273445933056,"RT @PeterBoehringer: 10-Prozent-Inflation, Rezession, Zinsanstieg ‚Äì in der Wirtschaft stehen die Zeichen auf Sturm 
Die Inflation in Deutsc‚Ä¶",,25
2022-10-14 12:43:46,1580902181259345920,RT @AfDimBundestag: Unser rechtspolitischer Sprecher @Th_Seitz_AfD rechnet in seiner Rede mit dem #Panikminister #Lauterbach ab. Die #AfD-F‚Ä¶,,115
2022-10-14 12:43:42,1580902165526085633,RT @M_Reichardt_AfD: Teile unseres Rechtsstaates sind noch objektiv &amp; konnten noch nicht auf linksgr√ºne Linie gebracht werden! Das gibt Hof‚Ä¶,,56
2022-10-14 12:25:00,1580897457797406720,"Mit der #AfD g√§be es keine #Muezzin-Rufe in #Deutschland! 

So geht kulturelle Landnahme: W√§hrend die Stadt #K√∂ln d‚Ä¶ https://t.co/hdv7hi4LM9",,220
2022-10-14 12:14:24,1580894789209575425,"RT @AfDimEUParl: ‚û°Ô∏è Das kann doch wohl nicht wahr sein!
@Joachim_Kuhs fordert, dass die EU sich endlich konsequent gegen die weltweite #Chr‚Ä¶",,27
2022-10-14 12:14:16,1580894755969302528,RT @clemens_carlo: 58 Prozent der Deutschen bef√ºrchten unbezahlbare #Wohnkosten: ‚ÄûB√ºndnis bezahlbarer Wohnraum‚Äú treibt Klimawahn im Bau tro‚Ä¶,,9
2022-10-14 09:52:11,1580858999750406145,"RT @M_Reichardt_AfD: Eine gute Nachricht! @AfD auch in Berlin stark im Aufwind! Da ist die Sprechpuppe von Islamisten, Linksextremen und an‚Ä¶",,225
2022-10-13 14:39:29,1580568913737584645,"RT @StBrandner: ""Auch Frau Dreyer geh√∂rt zu den Personen, die Verantwortung f√ºr die vielen Toten sowie das unermessliche Leid in der Region‚Ä¶",,179
2022-10-13 14:19:57,1580564000156176385,"Dieter #Bohlen √§u√üert vorsichtige, sachliche Kritik an den #Russland-Sanktionen ‚Äì und schon nennen Medien und Polit‚Ä¶ https://t.co/coJt0HZesS",,311
2022-10-13 13:22:35,1580549561692860419,"RT @Alice_Weidel: 1,4 Mrd Euro: Das ist die Summe, die innerhalb von 2 Monaten aus #Deutschland in die #Ukraine floss, kein EU-Staat bezahl‚Ä¶",,2672
2022-10-13 13:22:25,1580549519346790402,"RT @AfDimEUParl: ‚û°Ô∏è Sie planen erneut eine ùêåùêöùê¨ùê¨ùêûùêßùêûùê¢ùêßùê∞ùêöùêßùêùùêûùê´ùêÆùêßùê†!
Droht uns ein neues 2015 - oder wird es gar NOCH schlimmer?
@Gunnar_Beck leg‚Ä¶",,49
2022-10-13 13:05:11,1580545183816749057,Erstmals seit 1951 erreicht die #Inflation die 10%-Marke. Die Menschen werden aufgrund der ideologischen Ignoranz d‚Ä¶ https://t.co/q49DFlhlkZ,,159
2022-10-13 10:24:43,1580504800021860352,"RT @clemens_carlo: Du lebst in Deutschland, wenn Strom und Gas bald rationiert werden, du nicht heizen und duschen sollst, ohne Maske nicht‚Ä¶",,193
2022-10-13 10:24:40,1580504788885966848,"RT @M_Reichardt_AfD: Mein Artikel √ºber einen Professor der Uni Bw, der den Wehrdienst verweigert h√§tte und in der Taz die Transformation de‚Ä¶",,53
2022-10-13 10:24:03,1580504631540678656,"Nur die #AfD will illegale #Migration stoppen!

Die AfD ist die einzige Partei, die #Grenzen sch√ºtzen und #illegale‚Ä¶ https://t.co/P9McmpYDiw",,182
2022-10-12 15:55:16,1580225599708495872,"RT @clemens_carlo: Man kann nicht von der permanenten Wohnraumknappheit sprechen, ohne von der laufenden Zuwanderung historischen Ausma√ües‚Ä¶",,59
2022-10-12 15:55:06,1580225557370834944,RT @M_Reichardt_AfD: Der Stalinist @bodoramelow nennt protestierende B√ºrger Faschisten! Das ist ein klares Signal! Schon unter Stalin wurde‚Ä¶,,95
2022-10-12 15:54:45,1580225470460633088,"RT @StBrandner: ""Wir brauchen endlich eine handlungsf√§hige Regierung, die die Probleme der B√ºrger ernst nimmt und L√∂sungen liefert.""
In G√§n‚Ä¶",,68
2022-10-12 12:41:27,1580176821915508736,"RT @AfDimBundestag: Arbeitsminister Hubertus Heil wirbt um weitere #Einwanderung aus Drittstaaten! ""Seine Pl√§ne f√ºr noch mehr Zuwanderung t‚Ä¶",,65
2022-10-12 12:40:43,1580176637705846784,RT @Tino_Chrupalla: Dieter Bohlen vertritt den Standpunkt der @AfD: Ohne Sanktionen br√§uchten die B√ºrger nicht zu frieren. Die Sanktionen t‚Ä¶,,559
2022-10-12 10:20:18,1580141301219020801,"Roger #Lewentz, der als #SPD-#Innenminister w√§hrend der #Ahrflut grandios versagt hat, ist zur√ºckgetreten. Jetzt si‚Ä¶ https://t.co/dpwT5rEQR5",,70
2022-10-12 09:43:01,1580131919441731585,"RT @M_HarderKuehnel: Eine #AfD, die konservative Werte vertritt und die Interessen der eigenen B√ºrger ins Zentrum ihres Handelns r√ºckt, wir‚Ä¶",,78
2022-10-12 09:02:52,1580121813249855488,"#Faeser t√§uscht die B√ºrger: #Grenzschutz gibt es nur mit der #AfD!

Es klingt wie ein schlechter Witz:‚Ä¶ https://t.co/X1uXDlfJu6",,104
2022-10-12 09:01:04,1580121362253090816,"RT @StBrandner: ""Klar ist, es handelt sich um keinen Dummenjungenstreich. Das war kriminell und muss strafrechtlich geahndet werden.""
https‚Ä¶",,84
2022-10-12 09:00:53,1580121313423024128,"RT @M_Reichardt_AfD: Als einige Personen am Rande einer Demo auf Treppen des Reichstages liefen sprachen Mainstreammedien vom ""Sturm auf de‚Ä¶",,336
2022-10-12 07:39:01,1580100713627013120,"RT @Dennis_Hohloch: St√§rkste Kraft in #Brandenburg. Die Arbeit zahlt sich aus. üí™üèª
Wer die #AfD w√§hlt, bekommt in der Mark die Chance zur Ve‚Ä¶",,116
2022-10-12 07:37:42,1580100381375627265,"RT @Alice_Weidel: W√§hrend ihr gro√üer Fan Ricarda Lang nach wie vor am Ausstieg aus der #Kernenergie festh√§lt, kommen ausgerechnet von Greta‚Ä¶",,1185
2022-10-12 07:32:20,1580099030302220288,"Russischer Schrottpanzer vor russischer Botschaft: Dem√ºtigung statt #Diplomatie, #Eskalation statt #Verhandlung. In‚Ä¶ https://t.co/j0inXfd8uL",,107
2022-10-11 13:35:39,1579828073343733761,Unsere #AfD-Gro√üdemo hallt weit √ºber den #b0810 nach: Jeden Montag und auch an anderen Tagen gehen die B√ºrger √ºbera‚Ä¶ https://t.co/bPP4pfGZ4d,,123
2022-10-11 13:23:51,1579825106414866432,RT @AfDimBundestag: LIVE: Presseerkl√§rung der #AfD-Fraktionsvorsitzenden @Alice_Weidel und @Tino_Chrupalla zu politischen Themen der aktuel‚Ä¶,,56
2022-10-11 12:08:00,1579806018120257536,RT @Dennis_Hohloch: √úber 40 Personen ‚Äûverdienen‚Äú im #RBB am sogenannten #Bonussystem und √ºber 200.000 ‚Ç¨ im Jahr. Nicht in das #Programm geh‚Ä¶,,97
2022-10-11 10:26:30,1579780473123123200,"Einmal mehr wurde bewiesen: Der #Verfassungsschutz sch√ºtzt nicht die Verfassung, sondern Regierungsparteien vor der‚Ä¶ https://t.co/QBThaatGr0",,71
2022-10-11 09:36:29,1579767888462090245,"#Pullover anziehen statt jammern: #Sch√§uble √§tzt gegen Deutsche! #AfD

Und wieder verh√∂hnt uns ein bestens situiert‚Ä¶ https://t.co/bcemyVYVK4",,322
2022-10-11 07:11:28,1579731393931878400,"Danke an alle, die am vergangenen Samstag den Weg nach #Berlin auf sich genommen und gemeinsam ein Zeichen gesetzt‚Ä¶ https://t.co/HU8g3hR78F",,141
2022-10-11 07:02:14,1579729069855440897,Das politische Komplettversagen bei der #Ahrtal-Katastrophe muss endlich Konsequenzen haben! #AfD‚Ä¶ https://t.co/ua3LJizROl,,72
2022-10-10 18:45:33,1579543677101563904,RT @M_HarderKuehnel: Druck der #AfD wirkt: #Generalbundesanwalt leitet wegen der Anschl√§ge auf #NordStream Ermittlungsverfahren ein. Das is‚Ä¶,,326
2022-10-10 18:40:42,1579542454881386497,RT @Alice_Weidel: Lars Schieske hat den Sieg bei der Wahl zum Oberb√ºrgermeister leider verpasst. Dennoch m√∂chte ich an dieser Stelle nicht‚Ä¶,,432
2022-10-10 18:40:32,1579542414859329536,RT @Dennis_Hohloch: Herzlichen Gl√ºckwunsch nach #Niedersachsen und viel Erfolg bei der jetzt folgenden politischen Arbeit! https://t.co/dSj‚Ä¶,,14
2022-10-10 18:37:34,1579541667052687362,"RT @AlternativeNRW: ++ Verfassungsrichter sieht Zust√§nde wie in ‚Äûdiktatorischem Entwicklungsland‚Äú! ++
Bei der Wahl zum Berliner Abgeordnete‚Ä¶",,200
2022-10-10 16:25:44,1579508488149270529,"RT @clemens_carlo: Ernsthaft? Erst eiert diese Ampel mit einer irren Gasumlage herum, nur um dann die #Gaspreisbremse f√ºr n√§chstes (!) Jahr‚Ä¶",,88
2022-10-10 13:53:54,1579470278115364939,"Wir suchen DICH!

Mehr Informationen zur Stelle #Mediengestalter f√ºr Bild und Ton (gleich welchen Geschlechts):‚Ä¶ https://t.co/m53H18uqgu",,40
2022-10-10 13:24:34,1579462897822232576,"RT @AfDimEUParl: ‚û°Ô∏è Spartipp: EU abschalten!
¬ªEU und SPAREN? Bislang geh√∂rte dieses Wort nicht zum Vokabular. Man wei√ü genau: Geht den Mens‚Ä¶",,25
2022-10-10 10:42:35,1579422133318717440,AfD-Wahlerfolg: Analyse im Livestream! https://t.co/LNCL2s527t,,40
2022-10-10 09:33:51,1579404835564445696,"RT @ZDFheute: ""Wir haben als Opposition hier nicht nur Protest-Stimmen einsammeln k√∂nnen, wir haben hier im Prinzip eine klare Kante gezeig‚Ä¶",,96
2022-10-10 09:33:39,1579404787581272064,"RT @Alice_Weidel: Bei der #Niedersachsenwahl konnte die #AfD 12 Prozent der Stimmen auf sich vereinen. Es zeigt sich, dass der Kurs der AfD‚Ä¶",,1428
2022-10-10 07:51:57,1579379190872571904,RT @clemens_carlo: #AfD legt bei jungen W√§hlern stark zu und baut ihre Stellung im Mittelbau weiter aus. Die ganz Alten w√§hlen uns nicht. E‚Ä¶,,88
2022-10-10 07:51:46,1579379145796366336,RT @M_HarderKuehnel: Nach ersten Hochrechnungen 12 % f√ºr die #AfD bei der #Landtagswahl in #Niedersachsen. Das w√§re eine Verdoppelung des W‚Ä¶,,177
2022-10-10 07:51:40,1579379120785743872,"RT @clemens_carlo: Gl√ºckwunsch an die @AfdNds zum hervorragenden Wahlergebnis! Jetzt gilt es, das Zeitfenster des Aufwinds zu nutzen: L√∂sun‚Ä¶",,55
2022-10-10 07:51:36,1579379104788676608,"RT @M_Reichardt_AfD: Unser Etappengeneral der #Corona-Hysterie hat jetzt wohl den Auftrag die linksgr√ºne ""Heimatfront"" mit Durchhalteparole‚Ä¶",,33
2022-10-09 07:00:00,1579003729927446528,"Heute z√§hlt¬¥s, #Niedersachsen: AfD w√§hlen f√ºr einen Politikwechsel! #ltwnds

Explodierende Benzin-, Gas- und Stromp‚Ä¶ https://t.co/ebo9QofCze",,162
2022-10-08 16:12:02,1578780265337749505,"Vielen Dank an alle mutigen Demonstranten, die heute mit uns bei der #AfD-Demo in Berlin ein Zeichen gesetzt haben:‚Ä¶ https://t.co/TxYzHxf5HK",,424
2022-10-08 15:26:48,1578768882550312960,‚Äû#UnserLandzuerst!‚Äú ‚Äì Rund 10.000 Menschen demonstrierten friedlich in #Berlin gegen die Politik der #Ampel-Koaliti‚Ä¶ https://t.co/wpbrtEJla2,,275
2022-10-08 14:09:31,1578749432794791936,"√úber eine Stunde dauerte es, bis auch die letzten Teilnehmer wegen des Andrangs vom Platz der Republik zur #AfD-Dem‚Ä¶ https://t.co/42faF37gEN",,287
2022-10-08 13:18:22,1578736563277942787,Hier sehen wir das vorderste Banner der gro√üen #AfD-Demonstration gegen die Ampel-Politik in Berlin. Die Aufschrift‚Ä¶ https://t.co/T63npCUjxL,,249
2022-10-08 13:10:25,1578734561923518464,Immer mehr Menschen schlie√üen sich der gro√üen #AfD-Demonstration gegen die Ampel-Politik an. #UnserLandzuerst!‚Ä¶ https://t.co/N56XjNUgC1,,235
2022-10-08 12:54:50,1578730641134231553,Der Protestzug hat sich bereits in Bewegung gesetzt! #UnserLandzuerst #AfD #b0810 https://t.co/koh4ciW8Oj,,65
2022-10-08 12:20:40,1578722041804439552,So sieht es von oben aus: Tausende Menschen bei der #AfD-Demo in Berlin. Wir wollen den Politikwechsel:‚Ä¶ https://t.co/ZzQT4YUiki,,847
2022-10-08 12:15:40,1578720782867652608,"@Tino_Chrupalla spricht bei der #AfD-Demo #UnserLandzuerst in Berlin! 
""Staaten haben keine Freunde, Staaten haben‚Ä¶ https://t.co/VDGSUwVgwh",,77
2022-10-08 11:51:00,1578714575771357185,"Tausende Demonstranten sind auf dem Platz der Republik in Berlin, um mit der #AfD gegen die Ampel-Regierung zu prot‚Ä¶ https://t.co/QO0QvCgwDx",,249
2022-10-08 11:15:29,1578705635973427200,"LIVE: AfD-Demo ""Unser Land zuerst!"" https://t.co/40kxLzmXUK",,148
2022-10-08 11:07:41,1578703674184196096,Vor dem Reichstag ist der Platz der Republik schon gut gef√ºllt: In knapp einer halben Stunde beginnt unsere gro√üe‚Ä¶ https://t.co/AWU4vIRJzT,,780
2022-10-08 10:17:01,1578690924267597824,Noch etwa eine Stunde bis zum Start unserer gro√üen #AfD-Demonstration in Berlin. Viele Demonstranten sind schon jet‚Ä¶ https://t.co/vyCFj0FPhX,,86
2022-10-08 09:31:19,1578679423888261124,Die flei√üigen Helfer packen seit morgens an: Der Aufbau unserer gro√üen #AfD-Demonstration in Berlin ist in vollem G‚Ä¶ https://t.co/wWFI9cpLF6,,77
2022-10-07 14:00:01,1578384654314397698,"M√ºssen wir frieren, Herr #Habeck? #afd

Da schlottert der Minister ‚Äì aber nicht vor #K√§lte, so wie wir es alle bald‚Ä¶ https://t.co/UEnW3UjPUz",,141
2022-10-07 13:05:30,1578370936776294401,"W√§hrend f√ºr Normalb√ºrger die Energiespar-Verordnung gilt, veranstaltet Berlins SPD-B√ºrgermeisterin #Giffey ein Lich‚Ä¶ https://t.co/eJi2sXWPob",,52
2022-10-07 12:54:33,1578368179268485120,"#AfD-Spitzenkandidat Marzischewski-Drewes erl√§utert  im #ZDF vor der #Niedersachsenwahl, was sich √§ndern muss: Sofo‚Ä¶ https://t.co/iLWRav5DUr",,129
2022-10-07 12:30:55,1578362232924123136,"RT @Dennis_Hohloch: Der Geldverschwendung folgt nun die Geldverbrennung. 
Und das, nachdem etliche (#CDU)Politiker privat durch die #Maske|‚Ä¶",,40
2022-10-07 11:48:46,1578351623335575553,"#Niedersachsenwahl: Am Sonntag die #AfD w√§hlen!

Bezahlbare #Energie, bessere Schulen, weniger B√ºrokratie: Daf√ºr st‚Ä¶ https://t.co/8K74pmDjRa",,66
2022-10-07 10:46:16,1578335895480332288,"Nicht verpassen: Am morgigen Samstag zeigen wir der #Ampel ab 13:30 Uhr auf dem Platz der Republik in #Berlin, was‚Ä¶ https://t.co/GoIt2gte8Z",,433
2022-10-07 10:32:11,1578332354304540672,"RT @AfDimBundestag: Die Entscheidung des Autovermieters Sixt, 100.000 chinesische E-Autos einkaufen zu wollen, und insgesamt die Flotte bis‚Ä¶",,48
2022-10-07 08:44:49,1578305334040440833,"RT @Alice_Weidel: Sowohl #Russland als auch #Gazprom haben mehrfach angeboten, Gas √ºber den intakten Teil von #NordStream 2 zu liefern. Doc‚Ä¶",,3349
2022-10-07 08:23:32,1578299977356709890,"RT @PeterBoehringer: Demoaufruf: ""Unser Land zuerst!""
Gegen politikgemachte Energieknappheit, gegen Heuchelei und f√ºr klare und wahre Polit‚Ä¶",,47
2022-10-07 07:14:38,1578282637403488256,"RT @M_Reichardt_AfD: Aller Hetze zum Trotz! Die @AfD als einzige echte demokratische Opposition zieht bei 16% mit den freiheitsfeindlichen,‚Ä¶",,359
2022-10-07 07:09:12,1578281270471188481,"#AfD-Demo: Am Samstag sehen wir uns in #Berlin! #UnserLandzuerst 
Nun ist es endlich so weit: An diesem Samstag set‚Ä¶ https://t.co/MeFHimFetU",,114
2022-10-06 15:18:56,1578042128164331522,"#AfD-Demo: Am Samstag sehen wir uns in #Berlin! #UnserLandzuerst 
Nun ist es endlich so weit: An diesem Samstag set‚Ä¶ https://t.co/NkCGiiJAdF",,279
2022-10-06 14:19:57,1578027283771973639,"Von Abr√ºstung sprechen und dann Waffen an die #Ukraine liefern.
Sich als B√ºrgerrechtspartei inszenieren und dann di‚Ä¶ https://t.co/G5rTZ6n91T",,96
2022-10-06 13:06:20,1578008758399156224,"RT @M_HarderKuehnel: Nachdem #Ukraine #NATO-Beitritt beantragt hat, verbietet sie nun Verhandlungen mit #Russland. Das ist Eskalation. Wir‚Ä¶",,398
2022-10-06 13:06:07,1578008703416303617,RT @Dennis_Hohloch: Die Anzahl der illegal eingereisten #Migranten ist im Vergleich zum Vorjahr massiv angestiegen. Sollte der Zustrom anda‚Ä¶,,71
2022-10-06 13:05:56,1578008658457382913,"RT @M_Reichardt_AfD: Es geht vorw√§rts, mittlerweile sogar bei Forsa 14%! Die #Ampel - aus √ñkokommunisten,  verlotterten Sozialdemokraten  &amp;‚Ä¶",,137
2022-10-06 10:07:31,1577963758034591745,"#UnserLandzuerst: Mit #Grenzkontrollen ein zweites ‚Äû2015 ‚Äú verhindern!

Im Schatten der #Energie- und‚Ä¶ https://t.co/3uf6Vlb20t",,141
2022-10-05 14:43:08,1577670732070506496,"++ Die Gr√ºnen: Partei der Inkompetenz! ++

In einem normalen Land h√§tte der Wirtschaftsminister &amp; #Kinderbuchautor‚Ä¶ https://t.co/fASlGXx9Ye",,125
2022-10-05 12:22:06,1577635238594895873,"RT @AlternativeNRW: ++ #AfD-Aktion am AKW-Emsland! ++
Starke Botschaft zum Wahlkampfabschluss in #Niedersachen: Energie sichern! Kernkraft‚Ä¶",,89
2022-10-05 12:20:02,1577634719633653763,"#Fehlanreize? Schafft nur die #AfD ab! #Zuwanderung

Sorglospakete f√ºr #Migranten,w√§hrend die Bev√∂lkerung nicht ein‚Ä¶ https://t.co/GjTaACyinU",,108
2022-10-04 14:48:38,1577309728618807296,"RT @AfDimEUParl: ‚û°Ô∏è Von Erpressern, Schlampen und Prostituierten!
Wor√ºber @Gunnar_Beck hier spricht ? Schauen Sie einfach das Video! üòâ
üé¨ ht‚Ä¶",,45
2022-10-04 13:54:36,1577296129716326402,"Ein irres #TransgenderHandbuch der #Telekom bef√ºrwortet ""geschlechtsneutrales Pronomen nim"". Kostprobe: ""Nimse Arbe‚Ä¶ https://t.co/EQildAxJfY",,87
2022-10-04 13:25:02,1577288686756052996,Ein #CDU-gef√ºhrtes Ministerium postet geschichtsvergessen am Einheitstag den SED-Handschlag. Das ist bezeichnend f√º‚Ä¶ https://t.co/npxFBTTOcu,,41
2022-10-04 05:43:47,1577172611632893953,"RT @AfDimEUParl: ‚û°Ô∏è Totale Kontrolle wie in China? Nicht mit uns! 
Das sind bald üá®üá≥ Verh√§ltnisse!
@Joachim_Kuhs wendet sich vehement gegen‚Ä¶",,44
2022-10-04 05:43:26,1577172524479438848,RT @M_Reichardt_AfD: Weit √ºber 4000 Teilnehmer heute bei der Protestkundgebung mit Spaziergang in #Magdeburg! Ein starkes Zeichen der @AfD_‚Ä¶,,344
2022-10-02 10:41:09,1576522669083619329,RT @Alice_Weidel: Im Ranking der sichersten Reisel√§nder f√ºr Frauen wird #Deutschland nur noch auf Platz 25 gef√ºhrt. Die Migrationspolitik d‚Ä¶,,1552
2022-10-02 08:58:40,1576496878501638144,"++ 08.10.22, 13:30 Uhr, Berlin: Politikwechsel statt Armut! ++

Massive #Inflation, unsichere #Energieversorgung: W‚Ä¶ https://t.co/E07laRjJDj",,273
2022-10-01 08:46:53,1576131526353620992,"++ Am 8. Oktober in #Berlin: Zeigen wir der #Ampel die rote Karte! ++

Am kommenden Samstag ist es so weit: Zeigen‚Ä¶ https://t.co/di9m5IW3IO",,262
2022-09-30 13:42:37,1575843561974763520,"Gr√ºner #Netzagentur-Chef will #Gaspreise weiter erh√∂hen, wenn der Verbrauch nicht sinkt.

Entweder wir lassen die‚Ä¶ https://t.co/TAxNFlbqU1",,264
2022-09-30 08:48:39,1575769582870011907,Forschungsgruppe Wahlen sieht die #AfD nun auch in #Niedersachsen zweistellig bei 11 Prozent! Es geht also auch im‚Ä¶ https://t.co/RGXu1Bun3E,,196
2022-09-30 07:49:31,1575754699701391361,"RT @Dennis_Hohloch: Wem heute nach einem 40-Stunden-Job schon nichts mehr in der Tasche bleibt, weil der Staat es ihm wegnimmt, der kann si‚Ä¶",,80
2022-09-30 06:44:48,1575738415811014656,"RT @AfDimEUParl: ‚û°Ô∏è Einfach gestrichen! Verhindet EU Debatte um Einsparungen?
¬ªWollten sie meine Rede verhindern?¬´, fragt @Joachim_Kuhs.
üé¨‚Ä¶",,32
2022-09-30 06:44:36,1575738364481114112,"RT @AlternativeNRW: ++ Alles gut beim #NDR! Sender-interne Pr√ºfung konnte keine politische Beeinflussung entdecken! ++
Der Sender ist selbs‚Ä¶",,76
2022-09-30 06:41:09,1575737495722999809,"‚Äû#UnserLandzuerst!‚Äú ‚Äì #AfD rechnet mit tausenden Teilnehmern bei Kundgebung am 8. Oktober in Berlin! #0810Berlin

W‚Ä¶ https://t.co/o65tsJTERz",,176
2022-09-29 15:30:01,1575508200853540865,"#Chemie-Firmen drosseln Produktion: Eine wirtschaftliche #Katastrophe droht!

Eine entscheidende S√§ule unserer noch‚Ä¶ https://t.co/7DCEuWeI4V",,70
2022-09-29 12:38:44,1575465098243719171,"Die #Inflation in #NRW erreicht mit 10,1 % einen H√∂chststand seit den 50er Jahren und steigt somit innerhalb von nu‚Ä¶ https://t.co/Mz5eLLfYnX",,58
2022-09-29 12:20:32,1575460517250011136,"RT @M_Reichardt_AfD: Ein f√ºhrender Repr√§sentant üá©üá™ Hr. #Kubicki nennt ein Staatsoberhaupt ""#Kanalratte""! Welch eine p√∂belhafte Unversch√§mth‚Ä¶",,24
2022-09-29 11:57:35,1575454740409991168,"#NordStream-Sprengung aufkl√§ren! #AfD

Die Zerst√∂rungen an Nord Stream 1 &amp; 2 bedeuten einen schwerwiegenden‚Ä¶ https://t.co/ITyTqvRfR5",,107
2022-09-29 10:18:17,1575429750851510274,Mehr als ein Viertel der deutschen #Rentner lebt von weniger als 1.000 ‚Ç¨ netto. Gleichzeitig werden rund 300.000 au‚Ä¶ https://t.co/roo6nNFcmT,,159
2022-09-29 09:28:58,1575417339838955520,RT @AfDimBundestag: Angriff auf #NordStream: Das Schweigen der #Bundesregierung spricht B√§nde! @tino_chrupalla spricht Klartext! #NordStrea‚Ä¶,,539
2022-09-29 09:28:34,1575417238403911680,RT @Alice_Weidel: Die Anschl√§ge auf die Energieversorgung Europas m√ºssen aufgekl√§rt und die T√§ter zur Rechenschaft gezogen werden. Die Pipe‚Ä¶,,2186
2022-09-28 12:53:03,1575106312689811456,Die Zeichen in in #Berlin stehen auf #Neuwahlen zum Abgeordnetenhaus. Das ist eine Blamage f√ºr Rot-Rot-Gr√ºn und vor‚Ä¶ https://t.co/1GpBesAwM0,,98
2022-09-28 09:58:18,1575062333793390592,"#Hausdurchsuchung bei wichtigster #Oppositionspartei Deutschlands

Seit heute Morgen f√ºhrt die Berliner Staatsanwal‚Ä¶ https://t.co/4YbVzbpMM0",,292
2022-09-28 08:59:44,1575047595457908736,RT @M_Reichardt_AfD: Typisch @cducsubt f√ºr L√ºgen entschuldigt sich dort niemand! Nur f√ºr die Wahrheit! Welch ein Hohn Hr. @_FriedrichMerz!‚Ä¶,,43
2022-09-28 08:59:35,1575047559969931266,"RT @Dennis_Hohloch: 56% #Steuern auf #Strom. Nicht die Konzerne, sondern der #Staat zockt euch ab! https://t.co/OmfWbegCcC",,63
2022-09-28 08:59:31,1575047541795667969,RT @M_HarderKuehnel: Der Anschlag auf #Nordstream ist ein Akt der gegen deutsche Interessen gerichteten Aggression. Er muss l√ºckenlos aufge‚Ä¶,,161
2022-09-28 08:52:34,1575045794276999173,"#NordStream-Sprengung ist Angriff auf unser Land!

Zwei Lecks bei Nord Stream 1, eines bei Nord Stream 2: Diese Zer‚Ä¶ https://t.co/5WMNlFhTRY",,405
2022-09-27 13:47:39,1574757663350693892,RT @Tino_Chrupalla: Die mutma√üliche Sabotage gegen Nord Stream 1 &amp; 2 muss aufgekl√§rt werden. Anschl√§ge auf wertvolle und lebenswichtige Inf‚Ä¶,,577
2022-09-27 13:46:16,1574757318490836993,"Friedrich #Merz umgarnt die Gr√ºnen, setzt in der #CDU die Frauenquote durch und knickt nach Kritik an geduldetem‚Ä¶ https://t.co/Mv79K2v8dn",,135
2022-09-27 13:44:43,1574756928466702337,"RT @M_Reichardt_AfD: Wie verkommen m√ºssen Menschen sein, um angesichts der Verarmung breiter Teile üá©üá™ durch sozialdemokratisches Versagen,‚Ä¶",,63
2022-09-27 13:44:31,1574756876432117762,RT @M_HarderKuehnel: Nach #Sozialtourismus-Sager rudert #Merz zur√ºck. Schon beim @TheRepublicDe-Forum beugte er sich wokem Mob. Wie ein Kin‚Ä¶,,94
2022-09-27 13:00:01,1574745679200591872,"15 %! #AfD auf Umfrage-Rekordjagd!

Immer mehr Menschen unterst√ºtzen unsere #B√ºrgerpartei bei ihren Vorhaben. Das b‚Ä¶ https://t.co/9qNyKZGRgy",,94
2022-09-27 12:02:14,1574731137699971073,"RT @Alice_Weidel: Die n√§chste Energiepreis-Pleite im Mittelstand: 20 Filialen, 85 Jahre Traditionsbetrieb - und dann kam #Habeck. Nach dess‚Ä¶",,1173
2022-09-27 11:50:19,1574728135148544011,"‚Äû#Gr√ºne Politik in 50 Sekunden!‚Äú

#Mittelstand und #Handwerk in Existenzn√∂ten, explodierende #Strompreise, gef√§hrde‚Ä¶ https://t.co/0qaABPzh0J",,40
2022-09-27 09:19:25,1574690160314400770,"Bleibt zu hoffen, dass der Nachfolger von @MelnykAndrij ein echter #Diplomat ist, der #Deutschland nicht noch weite‚Ä¶ https://t.co/NfVHE5A68F",,152
2022-09-27 09:09:14,1574687596902764550,"RT @Alice_Weidel: St√§rkste Kraft im Osten, h√∂chster Wert seit fast drei Jahren: Immer mehr Menschen merken, dass die #AfD die einzige b√ºrge‚Ä¶",,1277
2022-09-27 09:09:09,1574687579810955265,RT @AfDimBundestag: ‚ÄûDie Verunglimpfung und Herabw√ºrdigung der #Opposition und damit des Parlaments als Ganzem durch einen #Bundeskanzler i‚Ä¶,,291
2022-09-27 09:08:53,1574687510789500928,"RT @Alice_Weidel: Sie hat grenzenlose Migration erm√∂glicht, unsere D-Mark gegen eine schwache W√§hrung ausgetauscht und den Ausstieg aus der‚Ä¶",,1194
2022-09-27 06:34:12,1574648581696503810,"#Orban l√§sst in #Ungarn das Volk √ºber Sanktionen abstimmen, der #Ampel ist es in #Deutschland egal, was die W√§hler‚Ä¶ https://t.co/8SjfBvjWTW",,364
2022-09-26 15:00:03,1574413498146205696,@Dennis_Hohloch: Der #Rundfunk steckt in einer tiefen Daseinskrise. Die #Zwangsbeitr√§ge gehen f√ºr horrende Geh√§lter‚Ä¶ https://t.co/unJ1VlUxc7,,0
2022-09-26 13:40:06,1574393375524020228,RT @M_HarderKuehnel: Die #AfD legt weiter zu! Die Menschen wollen im Winter nicht frieren und generell Frieden. Sie lehnen die Bevormundung‚Ä¶,,484
2022-09-26 11:24:50,1574359335517523969,"‚ÄûSeit f√ºnf Jahren herrscht in diesem Haus ein rechtloser Zustand!‚Äú, sagt der stellvertretende #AfD-Bundessprecher‚Ä¶ https://t.co/cs2pZrOo7R",,84
2022-09-26 10:16:00,1574342013000065024,"#Gr√ºner Ideologie-Flop: Viele #EAutos bald teurer als #Benziner!

Mit kaum einem anderen Produkt wird den B√ºrgern a‚Ä¶ https://t.co/ZQJ8AuCC1e",,63
2022-09-26 09:35:58,1574331937048633345,Mehr als 8 Milliarden Euro erhielt der √∂ffentlich-rechtliche #Rundfunk im vergangenen Jahr durch Beitragszahlungen.‚Ä¶ https://t.co/pLbbYECZe3,,127
2022-09-26 08:47:56,1574319850423521281,"RT @AlternativeNRW: ++ Information zu #Migrationshintergrund von T√§tern wird in Berliner Polizeicomputer abgeschafft! ++
Die erhobenen Date‚Ä¶",,130
2022-09-26 08:47:25,1574319719372525569,RT @M_HarderKuehnel: Zum Verdruss von @vonderleyen: Europas Zukunft ist rechts! Nach Wahlerfolg von @MLP_officiel in üá´üá∑ r√ºckt nun #Italien‚Ä¶,,108
2022-09-26 07:41:52,1574303224600870912,"Umgekehrt wird ein Schuh draus: Wir B√ºrger haben Instrumente, um autorit√§re Demokratiegegner wie #VonDerLeyen in di‚Ä¶ https://t.co/SZjRsdQD0q",,431
2022-09-25 14:49:41,1574048498885939201,"RT @M_Reichardt_AfD: Wir schulden der #UkraineÔ∏è gar nichts! Wir schulden üá©üá™: Das Ende der #inflation, stabile niedrige #Gaspreise &amp;  #Energ‚Ä¶",,359
2022-09-23 20:14:04,1573405358642675730,"RT @AfDimEUParl: ‚û°Ô∏è Ich nenne die Namen der antidemokratischen Heuchler! 
 ¬ªSie sind alle erb√§rmliche Heuchler! Demokratische Werte sind Ih‚Ä¶",,548
2022-09-23 11:18:40,1573270619705286656,"Nicht verpassen, jetzt schon in den Kalender eintragen: Unsere gro√üe Kundgebung in #Berlin! Am 8. Oktober 2022 um 1‚Ä¶ https://t.co/F0b0uGrz5N",,476
2022-09-23 11:05:32,1573267315256352772,"#Habeck jammert √ºber #Burnout bei Mitarbeitern seines Ministeriums, weil sie riesige politische Probleme l√∂sen soll‚Ä¶ https://t.co/BWHUfLBOOP",,87
2022-09-23 10:15:25,1573254703672168449,üéßüî• Ausgabe 38/22 unseres #Podcast s - jetzt reinh√∂ren! 7 Tage #Deutschland ‚Äì der #AfD-Wochenendpodcast mit vielen s‚Ä¶ https://t.co/vh3Eoc8Xw8,,58
2022-09-23 09:38:47,1573245484248215552,"#DFB ohne #Regenbogenfahne zur #WM in #Katar: Euer #Gratismut ist verlogen! 

Gratismut ist nur zuhause #woke. Wenn‚Ä¶ https://t.co/slJrhCjuMA",,120
2022-09-23 06:19:40,1573195373816184832,"Gratismut ist nur zuhause #woke. Wenn es angebracht w√§re, kuscht man lieber. Ob vor Todesstrafen f√ºr ehebrechende F‚Ä¶ https://t.co/liMCBVZy89",,65
2022-09-22 15:27:53,1572970948172587009,"Peinlicher #Habeck-Auftritt im #Bundestag, der auf Kritik d√ºnnh√§utig reagiert: ‚ÄûSind wir denn hier im Fu√üballstadio‚Ä¶ https://t.co/ROtACpF9Rk",,310
2022-09-22 14:38:50,1572958605015646208,"""Warum stimmen so viele Junge f√ºr die #AfD?"", fragt sich verwundert die ""Zeit"". Nun, vielleicht weil auch und gerad‚Ä¶ https://t.co/MQOHY0FsWz",,173
2022-09-22 13:50:06,1572946341583626243,"Achtes #Sanktionspaket: Der #Wirtschaftskrieg ist sinnlos und falsch!

Etwas Neues f√§llt der #EU im Umgang mit‚Ä¶ https://t.co/9DkoKC8fVb",,62
2022-09-22 13:00:08,1572933765680463873,Fast 1 Mio. ‚Ç¨ erhielt der Ex-CDU-Abgeordnete #Hauptmann mit schmutzigen #Maskendeals &amp; darf jetzt das Geld behalten‚Ä¶ https://t.co/kQ8bj6c1H2,,110
2022-09-22 12:36:55,1572927923488686080,"RT @clemens_carlo: Ein Gr√ºner OB macht den Unterschied: Ein Drittel aller Stellen wird nicht nach Bef√§higung, nicht nach Leistung, nicht na‚Ä¶",,52
2022-09-22 12:13:02,1572921915089502210,"RT @Alice_Weidel: Durch die Decke schie√üende Inflationsraten, rasante Geldentwertung, galoppierende Staatsschulden - ich sehne mich zur√ºck‚Ä¶",,1431
2022-09-22 11:41:51,1572914067043487744,"RT @Alice_Weidel: Im #Iran sind Menschen bereit, f√ºr Ihre #Freiheit zu sterben. Hierzulande wird die importierte Frauenverachtung als ‚ÄûKult‚Ä¶",,1563
2022-09-22 11:41:48,1572914055752433664,"RT @Alice_Weidel: L√ºcken in der Lebensmittel- und #CO2-Versorgung, drohende fl√§chendeckende Pleiten verbunden mit Arbeitslosigkeit: Das all‚Ä¶",,1237
2022-09-22 11:41:40,1572914022143369217,"RT @Alice_Weidel: .@cem_oezdemir  verweigert Lebensmittel-Verb√§nden die Antwort auf einen offenen Brief, die gesamte #Bundesregierung verte‚Ä¶",,581
2022-09-22 11:41:16,1572913919043293184,"RT @AfDimEUParl: ‚û°Ô∏è Die Lichter gehen aus! EU-Parlament verordnet Strommangel!
¬ªDie einzige geeignete Ma√ünahme w√§re ein sofortiger Stopp de‚Ä¶",,24
2022-09-22 10:29:43,1572895913559068675,"RT @clemens_carlo: Ich habe das also richtig verstanden: Wir zahlen #Gasumlage inkl. MwSt f√ºr ein Unternehmen, das von unseren Steuergelder‚Ä¶",,181
2022-09-22 10:13:28,1572891824297213955,"Fast 100 Mitarbeiter schreiben #Brandbrief: Dieser #Rundfunk geh√∂rt knallhart reformiert! 

Die Mitarbeiter beim‚Ä¶ https://t.co/14F9KiEjhX",,58
2022-09-21 13:30:01,1572578897979265024,"""Jetzt fangen Sie schon wieder an zu reden!""

Schon l√§ngst ist das #√ñR-Fernsehen zum unkritischen Sprachrohr des li‚Ä¶ https://t.co/MkE7N5ypY7",,66
2022-09-21 11:58:55,1572555973075832832,"#AfD-Sprecher @Tino_Chrupalla zur #Teilmobilmachung: ‚ÄûJetzt bewahrheitet sich, wovor wir immer gewarnt haben. Der D‚Ä¶ https://t.co/kF5A2xmJK9",,194
2022-09-21 10:08:05,1572528082145386496,"#StrackZimmermann ist Symbol f√ºr das eisige &amp; b√ºrgerferne Gesicht der #FDP, die sich f√ºr fremde L√§nder einsetzt, ab‚Ä¶ https://t.co/FXg2Bph1l0",,465
2022-09-21 09:37:03,1572520270170329091,"RT @AfDimBundestag: #Uniper wird verstaatlicht! ""Diese Entscheidung muss Stopp der #Gasumlage bedeuten"", kommentiert @Leif_Erik_Holm.
#Ener‚Ä¶",,35
2022-09-21 09:25:18,1572517314926628864,RT @Dennis_Hohloch: #Hass und #Hetze steuergeldfinanziert: Unz√§hlige Mitarbeiter des sog. Verfassungsschutzes werden mit Steuergeldern beza‚Ä¶,,313
2022-09-21 08:36:36,1572505059090636806,"RT @Alice_Weidel: Warum der Migrationsdruck zunimmt? Jeder, der es nach #Deutschland schafft, kann mit einer bedingungslosen #BlitzEinbuerg‚Ä¶",,1778
2022-09-20 15:14:29,1572242800065892355,"Auch wir sagen: #DankeRobert!
Danke f√ºr die schlimmste Wirtschaftskrise seit Jahrzehnten.
Danke f√ºr Inkompetenz, di‚Ä¶ https://t.co/MTEQi4cVIq",,346
2022-09-20 14:26:45,1572230788673949699,#Verfassungsschutz-Mitarbeiter betreiben in den sozialen Medien systematisch #Propaganda und begehen mitunter‚Ä¶ https://t.co/miY9qy7xBR,,41
2022-09-20 13:02:25,1572209564619251720,"Sie gef√§hrden unsere Versorgung: #Klima-Terroristen bek√§mpfen statt verh√§tscheln!

Das Lausitzer Energie-Unternehme‚Ä¶ https://t.co/PNO6QmrV6y",,99
2022-09-20 13:01:25,1572209312675627009,"RT @AfDimBundestag: Heute, am #Weltkindertag, hei√üt es auch f√ºr Familien, die bisher ganz gut √ºber die Runden kamen: Soll man frieren oder‚Ä¶",,55
2022-09-20 12:39:15,1572203736709365760,Der #EuGH erkl√§rt die anlasslose #Vorratsdatenspeicherung in Deutschland f√ºr rechtswidrig. Das ist eine gute Entsch‚Ä¶ https://t.co/8WKdhn5rgF,,27
2022-09-20 11:04:04,1572179783286489088,"RT @AfDimBundestag: TV-Tipp: Alice Weidel zu Gast bei Maischberger!
Sollte Deutschland Kampfpanzer in die Ukraine schicken? Wie weiter mit‚Ä¶",,327
2022-09-20 10:21:35,1572169090311266305,"RT @clemens_carlo: Regierungspolitik in Deutschland ist, wenn sie dir einen kleinen Promilleteil deiner hart erarbeiteten Steuergelder zur√º‚Ä¶",,36
2022-09-20 09:35:42,1572157544956858368,"Was #Habeck wirklich sagen will!

‚ÄûWir m√ºssen Sie nur noch mehr zur Ader lassen, und mit etwas Gl√ºck leben Sie noch‚Ä¶ https://t.co/LApKrjClVx",,29
2022-09-20 09:26:36,1572155252195098624,"RT @Alice_Weidel: #Deutschland sollte von #Baerbock und #Scholz w√§hrend der #UN-Vollversammlung als ein Staat pr√§sentiert werden, der sich‚Ä¶",,623
2022-09-20 07:48:11,1572130485278543872,RT @Alice_Weidel: Der #Bundesrat folgt der #Ampel und #Lauterbach: Als so ziemlich einziges Land weltweit f√ºhrt #Deutschland ab Herbst und‚Ä¶,,1786
2022-09-20 07:47:59,1572130436503212033,"RT @Alice_Weidel: Robert #Habeck best√§tigt die Aussage, mit #Deutschland habe er ""noch nie etwas anfangen k√∂nnen"", t√§glich aufs Neue. Sein‚Ä¶",,1233
2022-09-19 14:11:53,1571864658847449090,"#Habeck lie√ü eigene Mitarbeiter durch #Verfassungsschutz durchleuchten!
Das Gebaren der #Gr√ºnen nimmt allm√§hlich to‚Ä¶ https://t.co/hFTf4W5SA1",,377
2022-09-19 09:46:16,1571797816972038145,"Studie des Analyse-Unternehmens Media Tenor: ""#ARD-Image so schlecht wie das von #Wirecard"". Kein Wunder, denn in b‚Ä¶ https://t.co/ZJm9ip6AKe",,54
2022-09-19 08:51:43,1571784089358712833,"20.000 Euro #Rente f√ºr #ARD-Intendanten - Schluss mit dem Schr√∂pfen der Beitragszahler! #GEZ #Rundfunk
W√§hrend man‚Ä¶ https://t.co/kxG4UcVytP",,129
2022-09-19 08:45:56,1571782630567473153,"RT @AlternativeNRW: ++ ùêÉùê¢ùêû #ùêÄùêüùêÉ ùê°ùêöùê≠ùê≠ùêû ùêëùêûùêúùê°ùê≠! ++
#Kohle aus, #Kernkraft aus, Licht aus: Nur wir kritisieren die ‚Äû#Energiewende‚Äú seit Jahren‚Ä¶",,220
2022-09-19 05:32:49,1571734034157379584,"RT @Dennis_Hohloch: Das ist der sogenannte Neuanfang beim #rbb:
Die neue Intendantin verdient mit knapp 300.000‚Ç¨ unwesentlich weniger als P‚Ä¶",,88
2022-09-16 10:26:23,1570720747945074690,üéßüî• Ausgabe 37/22 unseres #Podcast s - jetzt reinh√∂ren! 7 Tage #Deutschland ‚Äì der #AfD-Wochenendpodcast mit vielen s‚Ä¶ https://t.co/EZez4rIdOT,,31
2022-09-16 09:04:11,1570700062266884098,"RT @AfDimEUParl: ‚û°Ô∏è ùêÉùêöùê¨ ùêèùê´ùê®ùêõùê•ùêûùê¶ ùê¢ùê¨ùê≠ ùêùùê¢ùêû ùêÑùêî!
‚Äã @Nicolaus_Fest:
""Das Problem ist nicht üá≠üá∫Ungarn. Das Problem ist die Einseitigkeit der üá™üá∫EU,‚Ä¶",,80
2022-09-16 08:32:49,1570692169484345344,RT @M_Reichardt_AfD: Dieser Hr. #Habarth macht das Verfassungsgericht zur verl√§ngerten Werkbank parteipolitischer Interessen. Er selbst ist‚Ä¶,,140
2022-09-16 08:32:34,1570692106523639808,"RT @Dennis_Hohloch: ‚ÄûSie sind geistig schon im #Krieg!‚Äú

Abrechnung der #AfD mit der Krisenpolitik der Regierung im Parlament. https://t.co‚Ä¶",,72
2022-09-16 08:32:20,1570692045601411073,"Versorgung sichern statt B√ºrgerproteste kriminalisieren, Herr #Scholz!

Die Sturheit der #Ampel wird der √∂ffentlich‚Ä¶ https://t.co/8w0AvwjWYg",,131
2022-09-15 13:40:57,1570407325646585858,‚ÄûDas ist mein #Land und du bist hier #Gast!‚Äú Diesen Klartext-Satz sagte ein Berliner #Polizist zu einem dreisten‚Ä¶ https://t.co/Dux9I7Du65,,752
2022-09-15 13:09:49,1570399487427842048,"RT @AfDimEUParl: +++ Wir gratulieren dem gro√üen Wahlsieger in #Schweden pers√∂nlich! +++
Unsere Abgeordneten @BuchheitMarkus, @Gunnar_Beck u‚Ä¶",,60
2022-09-15 12:52:38,1570395166116126720,Der #AfD-Bundesschatzmeister @Huetter_Carsten ist zusammen AfD-MdB @Martin_Sichert und einigen Unterst√ºtzern im nie‚Ä¶ https://t.co/Kbi6LgjHID,,27
2022-09-15 11:14:53,1570370566372167681,RT @BuchheitMarkus: #vonderLeyen wohnt laut Medienangaben seit Jahren  im Hauptgeb√§ude der #Kommission gratis - und erh√§lt dennoch Mietzula‚Ä¶,,1566
2022-09-15 10:14:35,1570355389660803074,Das sogenannte #B√ºrgergeld animiert massiv zur #Einwanderung in die Sozialsysteme. Es ist daher ein weiterer Schlag‚Ä¶ https://t.co/zPWUM95jsh,,71
2022-09-15 08:20:13,1570326610808803332,"RT @Dennis_Hohloch: Der #rbb-Skandal wird zum #Justiz-Skandal!
Erst lehnt die Berliner Staatsanwaltschaft Ermittlungen ab, dann tut sie es‚Ä¶",,317
2022-09-15 08:04:17,1570322599242072066,"Jeder muss sich jetzt entscheiden: #Armut oder #AfD!

60 Prozent der Bundesb√ºrger geben derzeit ihr komplettes (!)‚Ä¶ https://t.co/ATAP5Jjl2E",,177
2022-09-15 07:16:15,1570310513099440129,"RT @Tino_Chrupalla: Bizarrer Auftritt einer abgehobenen M√∂chtegern-Imperatorin: Im üá∫üá¶-Look bem√ºht @vonderleyen Kriegsrhetorik, um B√ºrger au‚Ä¶",,671
2022-09-15 07:16:02,1570310458002837509,"RT @AfDimEUParl: ‚û°Ô∏è Horrende #Energiekosten sind auch Ihre Schuld!
""Es sind nicht die Lobbys der Solar- &amp; Windenergiefirmen, die Sie gew√§hl‚Ä¶",,71
2022-09-14 15:43:08,1570075684210368513,"RT @AfD_FraktionBB: ‚ùóÔ∏èSPD VERBREITET FAKENEWS

#Fakenews ist man von der #SPD ja gewohnt. Aber das ist schon ein besonders unterhaltsames B‚Ä¶",,46
2022-09-14 15:35:22,1570073728192593920,"RT @AlternativeNRW: ++ #Corona-Katalog f√ºr den Herbst ist Katastrophe mit Ansage! ++
üá©üá™ sollte sich realistischere Ziele setzen. Zum Beispi‚Ä¶",,69
2022-09-14 15:29:39,1570072291207151619,"#B√ºrgergeld: Rundumversorgung f√ºr 1,5 Millionen #Migranten!
Wer keine Lust auf #Arbeit oder #Ausbildung hat, kommt‚Ä¶ https://t.co/YnWNxLFyPu",,247
2022-09-14 13:27:12,1570041474414256131,"RT @phoenix_de: #Stra√üburg | ""Unsere Stagflation ist also nicht Folge von Covid oder Ukraine-Krieg, sondern ist hausgemacht,"" meint MdEP Gu‚Ä¶",,48
2022-09-14 13:18:03,1570039174908235776,"RT @AfDimBundestag: Was Wirtschaftsminister Habeck in Berlin beginnt, vollendet von der Leyen in Br√ºssel: die Zerst√∂rung des Mittelstands u‚Ä¶",,220
2022-09-14 13:06:34,1570036283208093699,RT @M_HarderKuehnel: Wir als #AfD sagen ganz klar: ‚ÄûUnser Land zuerst!‚Äú Die #Politik hat ausschlie√ülich nationale Interessen und das Wohl d‚Ä¶,,251
2022-09-14 13:06:15,1570036201779863554,RT @Tino_Chrupalla: Ich warnte vor dem ‚ÄûSonderverm√∂gen‚Äú f√ºr die Bundeswehr: Die 100 Mrd. Euro w√§ren ein Dammbruch f√ºr Schuldenfinanzierung‚Ä¶,,93
2022-09-14 09:19:07,1569979041729646593,Fridays for Future fordert 100 Milliarden ‚Ç¨ #Sonderverm√∂gen (also Schulden) f√ºr sogenannten #Klimaschutz. Diese Sch‚Ä¶ https://t.co/8eIjo4yFeB,,62
2022-09-14 08:36:32,1569968325542776834,"Immer teurer, immer k√§lter, immer dreister: Deshalb besser #AfD!
Gestern standen wir noch am Abgrund, heute sind wi‚Ä¶ https://t.co/OXCB8pTd3H",,214
2022-09-13 19:17:05,1569767139862786048,"RT @AfDimEUParl: ‚û°Ô∏è Ihr physikalisches Verst√§ndnis tendiert gegen 0‚É£!
""Ihre Strommangelwirtschaft bedeutet Einschr√§nkung, Schrumpfung der W‚Ä¶",,43
2022-09-13 15:03:06,1569703223975645188,"Das #BKA warnt vor linksextremen Anschl√§gen auf Atomkraftwerke, Gasleitungen und Schienenverkehr. Dieser gemeingef√§‚Ä¶ https://t.co/5LtJNCcQn6",,54
2022-09-13 14:02:47,1569688042591457283,"Am 8. Oktober sehen wir uns deshalb zu unserer gro√üen #AfD-Demonstration in #Berlin, denn: Wir stehen an Deiner Sei‚Ä¶ https://t.co/BnIkMd3VpL",,109
2022-09-13 13:57:55,1569686819901681664,"RT @Alice_Weidel: Immer mehr B√ºrger schlie√üen sich den Protesten gegen die Politik der #Ampel an. Die Menschen haben jedes Recht, gegen die‚Ä¶",,1609
2022-09-13 10:05:07,1569628230771957760,RT @AfD_FraktionNRW: Wir sagen: Schluss mit der Schr√∂pfung unserer B√ºrger! Schluss mit der #CO2-Steuer! Die #Energiesteuer muss au√üerdem de‚Ä¶,,151
2022-09-13 08:20:03,1569601791167275010,"RT @Dennis_Hohloch: Keine Weltraumgeh√§lter mehr bei #ARD und Co.!

Im √∂ffentlichen #Rundfunk nur noch nach Tarif bezahlt! https://t.co/ygLz‚Ä¶",,155
2022-09-13 08:12:56,1569600002431029248,"RT @AfDimEUParl: ‚û°Ô∏è EU gibt zu: Dauerimpfung geplant!
Auf Nachfrage unserer gesundheitspolitischen Sprecherin Dr. @Sylvia_Limmer wird klar:‚Ä¶",,810
2022-09-13 08:12:29,1569599889109319687,"RT @Alice_Weidel: Fast 4 Mio Impfdosen musste die #Bundesregierung bereits im Juli vernichten, trotzdem spielt #Lauterbach das hohe Lied de‚Ä¶",,886
2022-09-13 08:12:15,1569599827075366914,"RT @Tino_Chrupalla: Unternehmenschefs sollten nicht um Geld bitten, sondern die Ursache f√ºr exorbitante Energiekosten klar benennen: Habeck‚Ä¶",,156
2022-09-12 16:22:42,1569360866360819713,"#AfD-Bundessprecher @Alice_Weidel &amp; @Tino_Chrupalla gratulieren #Schwedendemokraten zu Wahlerfolg! 

‚ÄûWir gratulier‚Ä¶ https://t.co/DHUyCmIAvt",,159
2022-09-12 12:29:03,1569302068015292420,RT @M_HarderKuehnel: Die #CDU f√ºhrt unter #Merz also die #Frauenquote ein. Das ist symptomatisch f√ºr ihre zeitgeistaffine Feigheit. Quoten‚Ä¶,,116
2022-09-12 12:28:26,1569301912897392640,RT @M_Reichardt_AfD: Fr. @SawsanChebli kann ihr Gejammer √ºberall verbreiten. Framing: Es sind nur Linke Opfer. Tats√§chlich sind Opfer in ho‚Ä¶,,39
2022-09-12 12:27:52,1569301766725935109,"RT @Dennis_Hohloch: Freigestellter Manager des #rbb bekommt bis 2026 weiterhin bis zu 700.000‚Ç¨.
Aber denkt dran: Wer das nicht finanzieren‚Ä¶",,128
2022-09-12 11:40:05,1569289744860733440,"#AfD-Politik w√ºrde Leben retten!

So sieht sie aus, die ‚Äûkulturelle Bereicherung‚Äú, f√ºr die sich die #Ampel-Regierun‚Ä¶ https://t.co/0KicYjXvSd",,93
2022-09-12 09:21:50,1569254952953942019,"RT @PeterBoehringer: Boehringer: ‚ÄûSo wird auch 2023 Steuergeld verschleudert‚Äú | Bundestag 9.9.2022
https://t.co/9xn5U5Dqo1 üëà

Script bzw. R‚Ä¶",,21
2022-09-12 08:30:01,1569241909679509505,RT @Tino_Chrupalla: Ich gratuliere Lars Schieske zum Einzug in die Stichwahl zum Oberb√ºrgermeister von #Cottbus. Starkes Ergebnis! Jetzt m√º‚Ä¶,,138
2022-09-12 08:29:14,1569241716594540544,RT @M_Reichardt_AfD: Auf in den #heissenHerbst! Wir sind die echte Alternative zur #Ampel - unsere Werte steigen! @Die_Gruenen üá©üá™-Hasser ve‚Ä¶,,78
2022-09-12 08:28:55,1569241633299759104,"RT @AfDimEUParl: ‚û°Ô∏è Skandal: EU-Mittel f√ºr Homophobie &amp; Rassismus? 
Von ‚Äûlebensl√§nglich‚Äú bis ‚ÄûTodesstrafe‚Äú: L√§nder, die Homosexuelle verfol‚Ä¶",,65
2022-09-09 13:40:25,1568232862192734210,"+++ ""Uns hat niemand den Krieg erk√§rt!"" +++

""Es ist nicht unser Krieg"": Das sagt #AfD-Bundessprecher Tino‚Ä¶ https://t.co/XpvVkjjEns",,252
2022-09-09 07:04:13,1568133155114074112,"RT @gunnar_beck: It is with deep sadness that we learned of the passing of Her Majesty Queen Elizabeth II. 
Our thoughts and prayers are wi‚Ä¶",,14
2022-09-09 07:03:43,1568133031549976576,"RT @M_Reichardt_AfD: Die #Impfpflicht f√ºr #Soldaten muss sofort beendet werden! 
Bew√§hrte Kameraden, dieüá©üá™ dienen wollen, d√ºrfen nicht durc‚Ä¶",,67
2022-09-08 11:15:38,1567834040186593281,"Dr. Alice #Weidel und Tino #Chrupalla stellen die #AfD-Kampagne ""Unser Land zuerst!"" vor. Welche Forderungen wir er‚Ä¶ https://t.co/7g77UDKRR7",,117
2022-09-08 08:28:21,1567791938794917890,"RT @AfDimBundestag: Herr #Habeck, Sie haben von Wirtschaft so viel Ahnung wie ein Blinder von Farbe!
@Tino_Chrupalla, Vorsitzender unserer‚Ä¶",,279
2022-09-08 08:01:31,1567785187961880576,"+++Liebe #B√§cker: Wir stehen an eurer Seite!+++

#Habeck|s Auftritt bei #Maischberger hat einmal mehr demonstriert,‚Ä¶ https://t.co/jjDTMMsRdr",,160
2022-09-07 14:00:32,1567513147782709248,"#Habeck-Blamage: #Wirtschaftsminister wei√ü nicht, was eine #Insolvenz ist!
Wenn man denkt, dass es nicht mehr inkom‚Ä¶ https://t.co/frFuKgiWVA",,137
2022-09-07 13:26:22,1567504550076063745,"RT @M_Reichardt_AfD: BITTE TEILEN &amp; TEILNEHMEN
Die brachiale Inkompetenz von @BMWK #Habeck wird mittlerweile klar. Der linke M√§rchenonkel k‚Ä¶",,106
2022-09-07 13:25:56,1567504442928336900,"RT @AfDimEUParl: +++ Gr√ºne Schnapsidee: Fleischverzicht, um Hunger in Afrika zu lindern? +++
Irre: Man solle doch die Ertr√§ge der f√ºr Tierf‚Ä¶",,37
2022-09-07 09:11:35,1567440434900639755,"RT @clemens_carlo: Unser Wirtschaftsminister zerst√∂rt die deutsche Industrie. 

Unser Gesundheitsminister macht Millionen B√ºrger krank.

Un‚Ä¶",,97
2022-09-06 15:36:03,1567174797808762881,RT @M_Reichardt_AfD: In der Haushaltsdebatte des Bundestages lobte die #Ampel in zahllosen Reden ihr  #Entlastungspaket. Diese Befragung ze‚Ä¶,,69
2022-09-06 09:12:16,1567078217609285632,So verjubelt die Ampel Dein Steuergeld! https://t.co/GQFCUryoRf,,45
2022-09-06 09:05:40,1567076554039263233,Livestream https://t.co/x0MVQ0sp3H,,7
2022-09-06 07:22:56,1567050700785319938,"RT @M_HarderKuehnel: Rund 30.000 Personen, die mit dem islamistischen #Terror sympathisieren, stellen eine massive Gefahr f√ºr den Rechtssta‚Ä¶",,83
2022-09-06 06:48:47,1567042109772861441,"RT @AfDimEUParl: ‚û°Ô∏è #Impfsch√§den: Kennt üá´üáÆ Minister die Daten nicht?
Die #Nebenwirkungen nach Impfung mit den neuartigen #Corona-Impfstoffe‚Ä¶",,50
2022-09-05 18:52:57,1566861962910306304,RT @M_Reichardt_AfD: Der Domplatz in #Magdeburg ist voll mit weit √ºber 3000 Menschen! Danke der @AfDFraktionLSA f√ºr ihre Initiative zur Dar‚Ä¶,,216
2022-09-05 15:30:55,1566811120668753921,RT @Dennis_Hohloch: Statt au√üertariflicher Vertr√§ge und undurchsichtiger Bonuszahlungen m√ºssen die Geh√§lter k√ºnftig einer Anstalt des √∂ffen‚Ä¶,,54
2022-09-05 13:05:19,1566774479530991617,"RT @M_Reichardt_AfD: Die üá©üá™ Not wird immer breiter,
die Feministen l√§cheln heiter, Die Profiteure stehn am Rande, ziehen Profit aus üá©üá™ Scha‚Ä¶",,102
2022-09-05 13:04:22,1566774240745078787,"RT @AlternativeNRW: ++ ‚Äû#MittederGesellschaft‚Äú l√§ngst zur Phrase verkommen! ++
Diese zu vertreten, hei√üt, dem Volk zuzuh√∂ren und seine Sorg‚Ä¶",,43
2022-09-05 13:03:59,1566774144259211267,RT @Tino_Chrupalla: Wegen Habecks Wirtschaftskrieg stocken die Gaslieferungen aus Russland. Der Iran bietet an einzuspringen. Die Regierung‚Ä¶,,122
2022-09-05 11:19:44,1566747905335123975,"RT @clemens_carlo: Regierung - Deutsch

üëâ¬ªHaushaltsreste¬´ = Dt. Steuergelder, die in alle Welt verteilt werden, w√§hrend wir es dringend bra‚Ä¶",,36
2022-09-05 10:32:38,1566736052072718337,"Wir wollen Taten, keine Tr√§umer-Kanzler, Herr #Scholz! 

Die von der #Ampel verursachte #Energiekrise trifft l√§ngst‚Ä¶ https://t.co/gGqrSdbwAr",,83
2022-09-05 09:44:31,1566723943469391872,"RT @Alice_Weidel: Milit√§rexperte Vad, General a.D., warnt: #Deutschland sei Angriffen von au√üen hilflos ausgeliefert. Eine bereits abgewirt‚Ä¶",,647
2022-09-04 06:00:00,1566305056936185856,üéßüî• Ausgabe 36/22 unseres #Podcast s - jetzt reinh√∂ren! 7 Tage #Deutschland ‚Äì der #AfD-Wochenendpodcast mit vielen s‚Ä¶ https://t.co/2Yqy9C4RLb,,47
2022-09-02 13:48:31,1565698186932457472,"#AfD-Demo in #Berlin: #NordStream2 statt #Gasumlage!
Es ist der bislang gr√∂√üte politische Flop des gr√ºnen Wirtschaf‚Ä¶ https://t.co/AW2qlrYmPd",,183
2022-09-02 09:20:50,1565630820827684865,"RT @M_HarderKuehnel: ‚ÄûIch werde die #Ukraine an die erste Stelle setzen, egal was meine deutschen W√§hler denken,‚Äú sagt @ABaerbock unmi√üvers‚Ä¶",,1048
2022-09-02 09:20:16,1565630679928524801,"RT @clemens_carlo: ""Diese verdammten AfDler und ihre....

ùëßùëñùëí‚Ñéùë° ùëíùëñùëõùëí ùêæùëéùëüùë°ùëí

Politik f√ºr die B√ºrger!!!"" https://t.co/kkUyErfAZv",,71
2022-09-01 14:52:41,1565351947292770311,"RT @clemens_carlo: Baerbock spricht nur das offen aus, was die Gr√ºnen seit eh und je vertreten: Deutschland zuletzt.

F√ºr uns ist klar: Uns‚Ä¶",,253
2022-09-01 14:52:34,1565351918394044417,"RT @Dennis_Hohloch: #RBB schafft #Bonussystem ab und die Vorsitzende des Verwaltungsrates sagt: ""Das System habe nicht wie beabsichtigt der‚Ä¶",,12
2022-09-01 14:00:02,1565338698547224582,"#Tankrabatt endet - unsere Geduld auch! #Spritpreisbremse

Die Beruhigungspille hat ihre Wirkung verloren: P√ºnktlic‚Ä¶ https://t.co/8xMXIXnGGF",,95
2022-09-01 12:46:15,1565320129029853187,"RT @Tino_Chrupalla: Au√üenministerin @ABaerbock sagt offen, dass ihr W√§hlerwille und Interessen der B√ºrger egal sind. F√ºr sie z√§hlen nur die‚Ä¶",,428
2022-09-01 12:09:05,1565310775668916225,"RT @Alice_Weidel: Der deutschen Au√üenministerin @ABaerbock ist es egal, was die B√ºrger in #Deutschland denken, die #Ukraine steht bei ihr a‚Ä¶",,2151
